"File","Path","Type","Size","Responsibility","RuntimeRelevant","ReplayRelevant","LineageRelevant","Status","Modified"
"AGENT.md","AGENT.md","markdown","13529","constitutional law","NO","NO","NO","CRITICAL","2026-06-06 19:12:23"
"AUTHORITY_CONFLICT_REPORT.md","AUTHORITY_CONFLICT_REPORT.md","markdown","12414","audit artifact","NO","NO","NO","REFERENCE","2026-06-06 19:20:55"
"EXECUTION_REALITY_REPORT.md","EXECUTION_REALITY_REPORT.md","markdown","10678","audit artifact","NO","NO","NO","REFERENCE","2026-06-06 19:21:17"
"FILE_INVENTORY.md","FILE_INVENTORY.md","markdown","1959","audit artifact","NO","NO","NO","REFERENCE","2026-06-06 20:05:57"
"REPOSITORY_PROVENANCE_MAP.md","REPOSITORY_PROVENANCE_MAP.md","markdown","8492","audit artifact","NO","NO","NO","REFERENCE","2026-06-06 19:20:31"
"VERIFIED_EXISTING_FILES.md","VERIFIED_EXISTING_FILES.md","markdown","7300","audit artifact","NO","NO","NO","REFERENCE","2026-06-06 19:19:44"
"VERIFIED_RUNTIME_ENTRYPOINTS.md","VERIFIED_RUNTIME_ENTRYPOINTS.md","markdown","7694","audit artifact","NO","NO","NO","REFERENCE","2026-06-06 19:20:13"
"agent_permissions.md","agents\agent_permissions.md","markdown","3930","reference","NO","NO","NO","REFERENCE","2026-06-04 22:18:54"
"crx_workspace_indexer.ps1","agents\crx_workspace_indexer.ps1","other","10766","workspace graph tooling","NO","NO","YES","HIGH","2026-06-04 22:17:04"
"crx_workspace_indexer.py","agents\crx_workspace_indexer.py","python","11625","workspace graph tooling","NO","NO","YES","HIGH","2026-06-04 22:04:23"
"docker-compose.yml","agents\docker-compose.yml","yaml","2131","infrastructure scaffold","NO","NO","NO","PARTIAL","2026-06-04 22:19:05"
"Dockerfile","agents\Dockerfile","other","841","infrastructure scaffold","NO","NO","NO","PARTIAL","2026-06-04 22:19:02"
"Dockerfile.documentation","agents\Dockerfile.documentation","other","714","infrastructure scaffold","NO","NO","NO","PARTIAL","2026-06-04 22:19:09"
"Dockerfile.governance","agents\Dockerfile.governance","other","667","infrastructure scaffold","NO","NO","NO","PARTIAL","2026-06-04 22:19:10"
"Dockerfile.planner","agents\Dockerfile.planner","other","809","infrastructure scaffold","NO","NO","NO","PARTIAL","2026-06-04 22:19:07"
"Dockerfile.refactor","agents\Dockerfile.refactor","other","700","infrastructure scaffold","NO","NO","NO","PARTIAL","2026-06-04 22:19:08"
"implement_authority_reduction.ps1","agents\implement_authority_reduction.ps1","other","3587","reference","NO","NO","NO","REFERENCE","2026-06-04 22:18:13"
"requirements.txt","agents\requirements.txt","other","361","reference","NO","NO","NO","REFERENCE","2026-06-04 22:19:12"
".gitignore","knowledge\.gitignore","other","51","reference","NO","NO","NO","REFERENCE","2026-06-05 21:17:34"
"authority-legitimacy-audit.md","knowledge\authority-legitimacy-audit.md","markdown","5931","reference","NO","NO","NO","REFERENCE","2026-06-04 21:59:09"
"authority-reconstruction.md","knowledge\authority-reconstruction.md","markdown","16776","replay specification","NO","YES","NO","HIGH","2026-06-04 20:12:39"
"inventory.json","knowledge\inventory.json","json","137564","lineage inventory","NO","NO","YES","HIGH","2026-06-04 22:17:28"
"README.md","knowledge\README.md","markdown","4147","reference","NO","NO","NO","REFERENCE","2026-06-04 22:19:23"
"claim-decision-model-v0.1.md","knowledge\authoritative\claim-decision-model-v0.1.md","markdown","6123","reference","NO","NO","NO","REFERENCE","2026-06-04 19:01:52"
"claim-lifecycle-model.md","knowledge\authoritative\claim-lifecycle-model.md","markdown","11967","reference","NO","NO","NO","REFERENCE","2026-06-04 20:44:46"
"claim.schema.json","knowledge\authoritative\claim.schema.json","json","2442","constitutional schema","NO","YES","YES","CRITICAL","2026-06-04 19:01:55"
"constitutional-agent-infrastructure.md","knowledge\authoritative\constitutional-agent-infrastructure.md","markdown","11060","reference","NO","NO","NO","REFERENCE","2026-06-04 22:06:18"
"constitutional-attention-runtime.md","knowledge\authoritative\constitutional-attention-runtime.md","markdown","9245","reference","NO","NO","NO","REFERENCE","2026-06-04 22:06:29"
"constitutional-computation-pipeline-v0.1.md","knowledge\authoritative\constitutional-computation-pipeline-v0.1.md","markdown","16001","reference","NO","NO","NO","REFERENCE","2026-06-04 19:04:11"
"constitutional-database-spec.md","knowledge\authoritative\constitutional-database-spec.md","markdown","11297","reference","NO","NO","NO","REFERENCE","2026-06-04 22:04:21"
"constitutional-governance-model.md","knowledge\authoritative\constitutional-governance-model.md","markdown","9835","reference","NO","NO","NO","REFERENCE","2026-06-04 22:07:42"
"constitutional-knowledge-graph-model.md","knowledge\authoritative\constitutional-knowledge-graph-model.md","markdown","12299","lineage specification","NO","NO","YES","HIGH","2026-06-04 20:47:35"
"constitutional-media-infrastructure.md","knowledge\authoritative\constitutional-media-infrastructure.md","markdown","7249","reference","NO","NO","NO","REFERENCE","2026-06-04 22:07:27"
"constitutional-mutation-model.md","knowledge\authoritative\constitutional-mutation-model.md","markdown","12357","reference","NO","NO","NO","REFERENCE","2026-06-04 20:35:47"
"constitutional-narrative-runtime.md","knowledge\authoritative\constitutional-narrative-runtime.md","markdown","7849","reference","NO","NO","NO","REFERENCE","2026-06-04 22:07:12"
"constitutional-rule-system-v0.1.md","knowledge\authoritative\constitutional-rule-system-v0.1.md","markdown","8368","reference","NO","NO","NO","REFERENCE","2026-06-04 19:03:12"
"constitutional-runtime-model.md","knowledge\authoritative\constitutional-runtime-model.md","markdown","13015","reference","NO","NO","NO","REFERENCE","2026-06-04 20:26:53"
"constitutional-runtime-objects.md","knowledge\authoritative\constitutional-runtime-objects.md","markdown","9828","reference","NO","NO","NO","REFERENCE","2026-06-04 20:44:15"
"constitutional-state-hash-model.md","knowledge\authoritative\constitutional-state-hash-model.md","markdown","8122","constitutional schema","NO","YES","YES","CRITICAL","2026-06-04 20:34:52"
"constitutional-threat-model.md","knowledge\authoritative\constitutional-threat-model.md","markdown","5973","reference","NO","NO","NO","REFERENCE","2026-06-04 22:00:21"
"constitutional-verdict.md","knowledge\authoritative\constitutional-verdict.md","markdown","8661","reference","NO","NO","NO","REFERENCE","2026-06-04 20:15:33"
"decision-reconstruction.md","knowledge\authoritative\decision-reconstruction.md","markdown","15886","replay specification","NO","YES","NO","HIGH","2026-06-04 20:10:59"
"decision.schema.json","knowledge\authoritative\decision.schema.json","json","2259","constitutional schema","NO","YES","YES","CRITICAL","2026-06-04 19:01:58"
"distributed-constitutional-sync.md","knowledge\authoritative\distributed-constitutional-sync.md","markdown","8281","reference","NO","NO","NO","REFERENCE","2026-06-04 22:06:02"
"evaluator-upgrade-protocol.md","knowledge\authoritative\evaluator-upgrade-protocol.md","markdown","10999","reference","NO","NO","NO","REFERENCE","2026-06-04 20:32:58"
"fact-reconstruction.md","knowledge\authoritative\fact-reconstruction.md","markdown","12057","replay specification","NO","YES","NO","HIGH","2026-06-04 20:09:50"
"meaning-continuity-final-verdict.md","knowledge\authoritative\meaning-continuity-final-verdict.md","markdown","7621","reference","NO","NO","NO","REFERENCE","2026-06-04 21:56:12"
"minimal-kernel-reconstruction.md","knowledge\authoritative\minimal-kernel-reconstruction.md","markdown","7440","replay specification","NO","YES","NO","HIGH","2026-06-04 20:27:07"
"missing-primitive-analysis.md","knowledge\authoritative\missing-primitive-analysis.md","markdown","15655","reference","NO","NO","NO","REFERENCE","2026-06-04 20:14:49"
"mutation-governance-model.md","knowledge\authoritative\mutation-governance-model.md","markdown","16066","reference","NO","NO","NO","REFERENCE","2026-06-04 21:45:49"
"persistence-constitution.md","knowledge\authoritative\persistence-constitution.md","markdown","9641","constitutional law","NO","NO","NO","CRITICAL","2026-06-04 21:18:58"
"primitive-compression.md","knowledge\authoritative\primitive-compression.md","markdown","10773","reference","NO","NO","NO","REFERENCE","2026-06-04 21:17:55"
"primitive-minimum-proof.md","knowledge\authoritative\primitive-minimum-proof.md","markdown","7941","reference","NO","NO","NO","REFERENCE","2026-06-04 22:00:15"
"replay-reconstruction.md","knowledge\authoritative\replay-reconstruction.md","markdown","12330","replay specification","NO","YES","NO","HIGH","2026-06-04 20:13:00"
"rule-reconstruction.md","knowledge\authoritative\rule-reconstruction.md","markdown","14988","replay specification","NO","YES","NO","HIGH","2026-06-04 20:11:20"
"semantic-lineage-final-verdict.md","knowledge\authoritative\semantic-lineage-final-verdict.md","markdown","5854","lineage specification","NO","NO","YES","HIGH","2026-06-04 21:47:46"
"semantic-threat-model.md","knowledge\authoritative\semantic-threat-model.md","markdown","9620","reference","NO","NO","NO","REFERENCE","2026-06-04 21:47:07"
"UCIA-CONSTITUTION-v1.0.md","knowledge\authoritative\UCIA-CONSTITUTION-v1.0.md","markdown","19688","constitutional law","NO","NO","NO","CRITICAL","2026-06-04 22:10:15"
"vos-reconstruction.md","knowledge\authoritative\vos-reconstruction.md","markdown","7367","replay specification","NO","YES","NO","HIGH","2026-06-04 20:14:15"
"100-year-survivability-assessment.md","knowledge\derived\100-year-survivability-assessment.md","markdown","9396","reference","NO","NO","NO","REFERENCE","2026-06-04 21:47:40"
"agent-workflow-topology.md","knowledge\derived\agent-workflow-topology.md","markdown","13907","reference","NO","NO","NO","REFERENCE","2026-06-04 19:28:03"
"ai-memory-architecture.md","knowledge\derived\ai-memory-architecture.md","markdown","10886","reference","NO","NO","NO","REFERENCE","2026-06-04 19:29:12"
"ai-retrieval-architecture.md","knowledge\derived\ai-retrieval-architecture.md","markdown","13441","reference","NO","NO","NO","REFERENCE","2026-06-04 19:27:41"
"automation-boundary-audit.md","knowledge\derived\automation-boundary-audit.md","markdown","8982","reference","NO","NO","NO","REFERENCE","2026-06-04 19:04:24"
"canon-formation-engine.md","knowledge\derived\canon-formation-engine.md","markdown","8447","reference","NO","NO","NO","REFERENCE","2026-06-04 21:54:07"
"civilization-fork-analysis.md","knowledge\derived\civilization-fork-analysis.md","markdown","6378","reference","NO","NO","NO","REFERENCE","2026-06-04 22:00:06"
"civilization-kernel.md","knowledge\derived\civilization-kernel.md","markdown","9875","reference","NO","NO","NO","REFERENCE","2026-06-04 21:19:56"
"civilization-memory-survivability.md","knowledge\derived\civilization-memory-survivability.md","markdown","10123","reference","NO","NO","NO","REFERENCE","2026-06-04 21:56:03"
"compression-proof.md","knowledge\derived\compression-proof.md","markdown","7594","reference","NO","NO","NO","REFERENCE","2026-06-04 21:47:29"
"constitutional-primitive-reduction-audit.md","knowledge\derived\constitutional-primitive-reduction-audit.md","markdown","7623","reference","NO","NO","NO","REFERENCE","2026-06-04 19:01:39"
"context-assembly-system.md","knowledge\derived\context-assembly-system.md","markdown","13996","reference","NO","NO","NO","REFERENCE","2026-06-04 19:28:24"
"cos-mapping.md","knowledge\derived\cos-mapping.md","markdown","12049","reference","NO","NO","NO","REFERENCE","2026-06-04 20:14:02"
"creator-canonical-storage-spec-v1.md","knowledge\derived\creator-canonical-storage-spec-v1.md","markdown","13744","reference","NO","NO","NO","REFERENCE","2026-06-04 19:26:41"
"creator-computed-state-audit.md","knowledge\derived\creator-computed-state-audit.md","markdown","16968","reference","NO","NO","NO","REFERENCE","2026-06-04 19:25:25"
"creator-intelligence-runtime.md","knowledge\derived\creator-intelligence-runtime.md","markdown","11004","reference","NO","NO","NO","REFERENCE","2026-06-04 20:46:19"
"creator-primitive-reduction-audit.md","knowledge\derived\creator-primitive-reduction-audit.md","markdown","26150","reference","NO","NO","NO","REFERENCE","2026-06-04 19:17:44"
"creator-projection-generation-model.md","knowledge\derived\creator-projection-generation-model.md","markdown","12814","reference","NO","NO","NO","REFERENCE","2026-06-04 19:26:57"
"creator-retrieval-architecture.md","knowledge\derived\creator-retrieval-architecture.md","markdown","9786","reference","NO","NO","NO","REFERENCE","2026-06-04 19:26:22"
"creator-state-closure-model.md","knowledge\derived\creator-state-closure-model.md","markdown","8669","reference","NO","NO","NO","REFERENCE","2026-06-04 19:26:06"
"cvm-instruction-set-v0.1.md","knowledge\derived\cvm-instruction-set-v0.1.md","markdown","9402","reference","NO","NO","NO","REFERENCE","2026-06-04 20:32:01"
"cvm-reference-architecture-v0.1.md","knowledge\derived\cvm-reference-architecture-v0.1.md","markdown","15142","reference","NO","NO","NO","REFERENCE","2026-06-04 20:36:53"
"cvm-state-transition-model.md","knowledge\derived\cvm-state-transition-model.md","markdown","11141","reference","NO","NO","NO","REFERENCE","2026-06-04 20:32:42"
"derived-state-audit.md","knowledge\derived\derived-state-audit.md","markdown","7899","reference","NO","NO","NO","REFERENCE","2026-06-04 19:02:55"
"deterministic-replay-infrastructure.md","knowledge\derived\deterministic-replay-infrastructure.md","markdown","10133","replay specification","NO","YES","NO","HIGH","2026-06-04 22:05:03"
"distributed-cvm-model.md","knowledge\derived\distributed-cvm-model.md","markdown","10037","reference","NO","NO","NO","REFERENCE","2026-06-04 20:36:06"
"evaluator-dependency-audit.md","knowledge\derived\evaluator-dependency-audit.md","markdown","18067","reference","NO","NO","NO","REFERENCE","2026-06-04 20:21:16"
"evaluator-drift-analysis.md","knowledge\derived\evaluator-drift-analysis.md","markdown","8553","reference","NO","NO","NO","REFERENCE","2026-06-04 21:46:52"
"evaluator-execution-runtime.md","knowledge\derived\evaluator-execution-runtime.md","markdown","9119","reference","NO","NO","NO","REFERENCE","2026-06-04 22:05:13"
"evaluator-fork-analysis.md","knowledge\derived\evaluator-fork-analysis.md","markdown","9711","reference","NO","NO","NO","REFERENCE","2026-06-04 20:24:49"
"falsification-audit-final-verdict.md","knowledge\derived\falsification-audit-final-verdict.md","markdown","7406","reference","NO","NO","NO","REFERENCE","2026-06-04 22:00:29"
"identity-continuity-rules.md","knowledge\derived\identity-continuity-rules.md","markdown","10668","reference","NO","NO","NO","REFERENCE","2026-06-04 21:46:09"
"identity-persistence-audit.md","knowledge\derived\identity-persistence-audit.md","markdown","9574","reference","NO","NO","NO","REFERENCE","2026-06-04 20:25:04"
"knowledge-closure-model.md","knowledge\derived\knowledge-closure-model.md","markdown","11208","reference","NO","NO","NO","REFERENCE","2026-06-04 20:45:10"
"local-ai-survivability-audit.md","knowledge\derived\local-ai-survivability-audit.md","markdown","9567","reference","NO","NO","NO","REFERENCE","2026-06-04 19:29:28"
"mandatory-questions-answers-creator.md","knowledge\derived\mandatory-questions-answers-creator.md","markdown","15451","reference","NO","NO","NO","REFERENCE","2026-06-04 19:30:32"
"mandatory-questions-answers-p1.2.md","knowledge\derived\mandatory-questions-answers-p1.2.md","markdown","12790","reference","NO","NO","NO","REFERENCE","2026-06-04 20:15:57"
"mandatory-questions-answers-p1.3.md","knowledge\derived\mandatory-questions-answers-p1.3.md","markdown","7863","reference","NO","NO","NO","REFERENCE","2026-06-04 20:28:08"
"mandatory-questions-answers-p1.4.md","knowledge\derived\mandatory-questions-answers-p1.4.md","markdown","6088","reference","NO","NO","NO","REFERENCE","2026-06-04 20:37:03"
"mandatory-questions-answers-p2.0.md","knowledge\derived\mandatory-questions-answers-p2.0.md","markdown","5830","reference","NO","NO","NO","REFERENCE","2026-06-04 20:47:45"
"mandatory-questions-answers-p3.0.md","knowledge\derived\mandatory-questions-answers-p3.0.md","markdown","5870","reference","NO","NO","NO","REFERENCE","2026-06-04 21:20:54"
"mandatory-questions-answers.md","knowledge\derived\mandatory-questions-answers.md","markdown","9535","reference","NO","NO","NO","REFERENCE","2026-06-04 19:05:34"
"meaning-compression-proof.md","knowledge\derived\meaning-compression-proof.md","markdown","11116","reference","NO","NO","NO","REFERENCE","2026-06-04 21:55:52"
"meaning-drift-model.md","knowledge\derived\meaning-drift-model.md","markdown","10202","reference","NO","NO","NO","REFERENCE","2026-06-04 21:53:57"
"meaning-preservation-attack.md","knowledge\derived\meaning-preservation-attack.md","markdown","6540","reference","NO","NO","NO","REFERENCE","2026-06-04 21:59:58"
"meaning-primitive-audit.md","knowledge\derived\meaning-primitive-audit.md","markdown","9221","reference","NO","NO","NO","REFERENCE","2026-06-04 21:53:19"
"multi-agent-runtime-model.md","knowledge\derived\multi-agent-runtime-model.md","markdown","17077","reference","NO","NO","NO","REFERENCE","2026-06-04 20:47:12"
"multi-generational-replay.md","knowledge\derived\multi-generational-replay.md","markdown","8870","replay specification","NO","YES","NO","HIGH","2026-06-04 21:55:08"
"narrative-continuity.md","knowledge\derived\narrative-continuity.md","markdown","11227","reference","NO","NO","NO","REFERENCE","2026-06-04 21:19:40"
"narrative-identity-continuity.md","knowledge\derived\narrative-identity-continuity.md","markdown","11062","reference","NO","NO","NO","REFERENCE","2026-06-04 21:54:58"
"primitive-removal-audit.md","knowledge\derived\primitive-removal-audit.md","markdown","5472","reference","NO","NO","NO","REFERENCE","2026-06-04 21:58:56"
"prompt-system-reduction-audit.md","knowledge\derived\prompt-system-reduction-audit.md","markdown","9169","reference","NO","NO","NO","REFERENCE","2026-06-04 19:28:54"
"replay-boundary-audit.md","knowledge\derived\replay-boundary-audit.md","markdown","5315","replay specification","NO","YES","NO","HIGH","2026-06-04 21:59:02"
"replay-sufficiency-proof.md","knowledge\derived\replay-sufficiency-proof.md","markdown","6891","replay specification","NO","YES","NO","HIGH","2026-06-04 21:46:38"
"replay-verification-model.md","knowledge\derived\replay-verification-model.md","markdown","11206","replay specification","NO","YES","NO","HIGH","2026-06-04 20:35:06"
"script-generation-pipeline-v2.md","knowledge\derived\script-generation-pipeline-v2.md","markdown","12901","reference","NO","NO","NO","REFERENCE","2026-06-04 19:28:40"
"semantic-lineage-formal-specification.md","knowledge\derived\semantic-lineage-formal-specification.md","markdown","9318","lineage specification","NO","NO","YES","HIGH","2026-06-04 21:45:06"
"signal-ingestion-architecture-v0.1.md","knowledge\derived\signal-ingestion-architecture-v0.1.md","markdown","41001","reference","NO","NO","NO","REFERENCE","2026-06-04 19:43:16"
"trend-runtime-model.md","knowledge\derived\trend-runtime-model.md","markdown","9411","reference","NO","NO","NO","REFERENCE","2026-06-04 20:45:53"
"trust-anchor-analysis.md","knowledge\derived\trust-anchor-analysis.md","markdown","10356","reference","NO","NO","NO","REFERENCE","2026-06-04 20:25:45"
"twenty-year-survivability-audit.md","knowledge\derived\twenty-year-survivability-audit.md","markdown","10261","reference","NO","NO","NO","REFERENCE","2026-06-04 19:04:40"
"ucia-civilization-reference-stack-v1.md","knowledge\derived\ucia-civilization-reference-stack-v1.md","markdown","10117","reference","NO","NO","NO","REFERENCE","2026-06-04 22:08:06"
"UCIA_v1.0.md","knowledge\derived\UCIA_v1.0.md","markdown","11197","reference","NO","NO","NO","REFERENCE","2026-06-04 21:20:44"
"unified-creator-intelligence-runtime.md","knowledge\derived\unified-creator-intelligence-runtime.md","markdown","9209","reference","NO","NO","NO","REFERENCE","2026-06-04 21:20:14"
"unified-object-ontology.md","knowledge\derived\unified-object-ontology.md","markdown","10031","reference","NO","NO","NO","REFERENCE","2026-06-04 21:18:33"
"universal-replay-semantics.md","knowledge\derived\universal-replay-semantics.md","markdown","13585","replay specification","NO","YES","NO","HIGH","2026-06-04 21:19:16"
"universal-state-equation.md","knowledge\derived\universal-state-equation.md","markdown","10712","reference","NO","NO","NO","REFERENCE","2026-06-04 21:18:17"
"civilization-survivability-test.md","knowledge\experimental\civilization-survivability-test.md","markdown","14335","reference","NO","NO","NO","REFERENCE","2026-06-04 20:27:54"
"determinism-boundary-test.md","knowledge\experimental\determinism-boundary-test.md","markdown","12224","reference","NO","NO","NO","REFERENCE","2026-06-04 20:26:06"
"semantic-reduction-test.md","knowledge\experimental\semantic-reduction-test.md","markdown","17111","reference","NO","NO","NO","REFERENCE","2026-06-04 20:22:09"
".gitignore","runtime\.gitignore","other","51","reference","NO","NO","NO","REFERENCE","2026-06-05 21:16:04"
"README.md","runtime\README.md","markdown","13","reference","NO","NO","NO","REFERENCE","2026-06-05 18:42:16"
"package-lock.json","runtime\kernel\commit-service\package-lock.json","json","52545","reference","NO","NO","NO","REFERENCE","2026-06-05 18:43:45"
"package.json","runtime\kernel\commit-service\package.json","json","546","reference","NO","NO","NO","REFERENCE","2026-06-05 19:53:31"
"tsconfig.json","runtime\kernel\commit-service\tsconfig.json","json","212","reference","NO","NO","NO","REFERENCE","2026-06-05 18:42:16"
"server.ts","runtime\kernel\commit-service\src\server.ts","typescript","387","orchestration/transport","YES","YES","YES","HIGH","2026-06-05 18:43:45"
"audit_controller.ts","runtime\kernel\commit-service\src\api\audit_controller.ts","typescript","317","observability","YES","NO","NO","MEDIUM","2026-06-05 18:43:45"
"commit_controller.ts","runtime\kernel\commit-service\src\api\commit_controller.ts","typescript","1070","orchestration/transport","YES","YES","YES","HIGH","2026-06-05 18:43:45"
"canonical_engine.ts","runtime\kernel\commit-service\src\engines\canonical_engine.ts","typescript","376","canonicalization","YES","YES","NO","CRITICAL","2026-06-05 19:53:23"
"identity_engine.ts","runtime\kernel\commit-service\src\engines\identity_engine.ts","typescript","350","identity","YES","YES","NO","CRITICAL","2026-06-05 19:53:26"
"event_log.ts","runtime\kernel\commit-service\src\events\event_log.ts","typescript","245","event recording","YES","YES","NO","HIGH","2026-06-05 18:43:45"
"artifact_store.ts","runtime\kernel\commit-service\src\persistence\artifact_store.ts","typescript","336","persistence","YES","YES","YES","HIGH","2026-06-05 18:43:45"
"db.ts","runtime\kernel\commit-service\src\persistence\db.ts","typescript","111","persistence","YES","YES","YES","HIGH","2026-06-05 18:43:45"
"ledger_schema.sql","runtime\kernel\commit-service\src\persistence\ledger_schema.sql","sql","479","persistence","YES","YES","YES","HIGH","2026-06-05 18:43:45"
"lineage_store.ts","runtime\kernel\commit-service\src\persistence\lineage_store.ts","typescript","302","lineage persistence","YES","YES","YES","HIGH","2026-06-05 18:43:45"
"logger.ts","runtime\kernel\commit-service\src\utils\logger.ts","typescript","57","observability","YES","NO","NO","MEDIUM","2026-06-05 18:43:45"
"dag_validator.ts","runtime\kernel\commit-service\src\validation\dag_validator.ts","typescript","330","lineage validation","YES","YES","YES","CRITICAL","2026-06-05 18:42:16"
".gitignore","vos\.gitignore","other","51","reference","NO","NO","NO","REFERENCE","2026-06-05 21:17:27"
"README.md","vos\README.md","markdown","3256","reference","NO","NO","NO","REFERENCE","2026-06-05 19:56:45"
"manifest.json","vos\archive\manifest.json","json","113","reference","NO","NO","NO","REFERENCE","2026-06-05 19:56:45"
"ARCHITECTURE.md","vos\cos\ARCHITECTURE.md","markdown","12901","reference","NO","NO","NO","REFERENCE","2026-06-05 19:56:45"
"CONSTITUTION.md","vos\cos\CONSTITUTION.md","markdown","6097","constitutional law","NO","NO","NO","CRITICAL","2026-06-05 19:56:45"
"index.json","vos\cos\index.json","json","1134","reference","NO","NO","NO","REFERENCE","2026-06-05 19:56:45"
"STRUCTURE.md","vos\cos\STRUCTURE.md","markdown","4473","reference","NO","NO","NO","REFERENCE","2026-06-05 19:56:45"
"events.jsonl","vos\cos\audit\events.jsonl","other","1484","reference","NO","NO","NO","REFERENCE","2026-06-05 19:56:45"
"README.md","vos\cos\audit\README.md","markdown","739","reference","NO","NO","NO","REFERENCE","2026-06-05 19:56:45"
"amendment-review.md","vos\cos\checklists\amendment-review.md","markdown","691","reference","NO","NO","NO","REFERENCE","2026-06-05 19:56:45"
"decision-review.md","vos\cos\checklists\decision-review.md","markdown","675","reference","NO","NO","NO","REFERENCE","2026-06-05 19:56:45"
"execution-approval.md","vos\cos\checklists\execution-approval.md","markdown","950","reference","NO","NO","NO","REFERENCE","2026-06-05 19:56:45"
"thesis-review.md","vos\cos\checklists\thesis-review.md","markdown","959","reference","NO","NO","NO","REFERENCE","2026-06-05 19:56:45"
"vos-expansion-review.md","vos\cos\checklists\vos-expansion-review.md","markdown","1098","reference","NO","NO","NO","REFERENCE","2026-06-05 19:56:45"
"argument-compiler.md","vos\cos\engines\argument-compiler.md","markdown","3989","reference","NO","NO","NO","REFERENCE","2026-06-05 19:56:45"
"delayed-execution.md","vos\cos\engines\delayed-execution.md","markdown","3669","reference","NO","NO","NO","REFERENCE","2026-06-05 19:56:45"
"thesis-compiler.md","vos\cos\engines\thesis-compiler.md","markdown","3807","reference","NO","NO","NO","REFERENCE","2026-06-05 19:56:45"
"failure-analysis.md","vos\cos\frameworks\failure-analysis.md","markdown","4917","reference","NO","NO","NO","REFERENCE","2026-06-05 19:56:45"
"governance-framework.md","vos\cos\governance\governance-framework.md","markdown","4026","reference","NO","NO","NO","REFERENCE","2026-06-05 19:56:45"
"self-improvement.md","vos\cos\governance\self-improvement.md","markdown","3615","reference","NO","NO","NO","REFERENCE","2026-06-05 19:56:45"
"artifact-lifecycle.md","vos\cos\lifecycle\artifact-lifecycle.md","markdown","3386","reference","NO","NO","NO","REFERENCE","2026-06-05 19:56:45"
"clarification-protocol.md","vos\cos\protocols\clarification-protocol.md","markdown","4561","reference","NO","NO","NO","REFERENCE","2026-06-05 19:56:45"
"repository-cleanup-plan.md","vos\cos\refactoring\repository-cleanup-plan.md","markdown","4849","reference","NO","NO","NO","REFERENCE","2026-06-05 19:56:45"
"argument-graph.schema.json","vos\cos\schema\argument-graph.schema.json","json","2036","lineage specification","NO","NO","YES","HIGH","2026-06-05 19:56:45"
"audit-event.schema.json","vos\cos\schema\audit-event.schema.json","json","998","constitutional schema","NO","YES","YES","CRITICAL","2026-06-05 19:56:45"
"amendment-proposal.template.md","vos\cos\templates\amendment-proposal.template.md","markdown","640","reference","NO","NO","NO","REFERENCE","2026-06-05 19:56:45"
"argument-graph.template.json","vos\cos\templates\argument-graph.template.json","json","1416","lineage specification","NO","NO","YES","HIGH","2026-06-05 19:56:45"
"decision-record.template.md","vos\cos\templates\decision-record.template.md","markdown","747","reference","NO","NO","NO","REFERENCE","2026-06-05 19:56:45"
"deprecation-notice.template.md","vos\cos\templates\deprecation-notice.template.md","markdown","407","reference","NO","NO","NO","REFERENCE","2026-06-05 19:56:45"
"execution-approval.template.md","vos\cos\templates\execution-approval.template.md","markdown","860","reference","NO","NO","NO","REFERENCE","2026-06-05 19:56:45"
"experiment-record.template.md","vos\cos\templates\experiment-record.template.md","markdown","503","reference","NO","NO","NO","REFERENCE","2026-06-05 19:56:45"
"failure-record.template.md","vos\cos\templates\failure-record.template.md","markdown","586","reference","NO","NO","NO","REFERENCE","2026-06-05 19:56:45"
"proposal-stage.template.md","vos\cos\templates\proposal-stage.template.md","markdown","350","reference","NO","NO","NO","REFERENCE","2026-06-05 19:56:45"
"reflection-record.template.md","vos\cos\templates\reflection-record.template.md","markdown","792","reference","NO","NO","NO","REFERENCE","2026-06-05 19:56:45"
"thesis-compiler.template.md","vos\cos\templates\thesis-compiler.template.md","markdown","1133","reference","NO","NO","NO","REFERENCE","2026-06-05 19:56:45"
"versioning-strategy.md","vos\cos\versioning\versioning-strategy.md","markdown","2085","reference","NO","NO","NO","REFERENCE","2026-06-05 19:56:45"
".gitkeep","vos\proposals\.gitkeep","other","0","reference","NO","NO","NO","REFERENCE","2026-06-05 19:56:45"
"01-problem.md","vos\proposals\prop-20260604-audit-schema-enforcement\01-problem.md","markdown","1122","reference","NO","NO","NO","REFERENCE","2026-06-05 19:56:45"
"02-thesis.md","vos\proposals\prop-20260604-audit-schema-enforcement\02-thesis.md","markdown","1090","reference","NO","NO","NO","REFERENCE","2026-06-05 19:56:45"
"03-constraints.md","vos\proposals\prop-20260604-audit-schema-enforcement\03-constraints.md","markdown","657","reference","NO","NO","NO","REFERENCE","2026-06-05 19:56:45"
"04-dependencies.md","vos\proposals\prop-20260604-audit-schema-enforcement\04-dependencies.md","markdown","833","reference","NO","NO","NO","REFERENCE","2026-06-05 19:56:45"
"05-failures.md","vos\proposals\prop-20260604-audit-schema-enforcement\05-failures.md","markdown","803","reference","NO","NO","NO","REFERENCE","2026-06-05 19:56:45"
"06-verification.md","vos\proposals\prop-20260604-audit-schema-enforcement\06-verification.md","markdown","672","reference","NO","NO","NO","REFERENCE","2026-06-05 19:56:45"
"07-experiment.md","vos\proposals\prop-20260604-audit-schema-enforcement\07-experiment.md","markdown","728","reference","NO","NO","NO","REFERENCE","2026-06-05 19:56:45"
"08-execution-approval.md","vos\proposals\prop-20260604-audit-schema-enforcement\08-execution-approval.md","markdown","607","reference","NO","NO","NO","REFERENCE","2026-06-05 19:56:45"
"DEC-001.md","vos\proposals\prop-20260604-audit-schema-enforcement\DEC-001.md","markdown","1409","reference","NO","NO","NO","REFERENCE","2026-06-05 19:56:45"
"EXEC-001.md","vos\proposals\prop-20260604-audit-schema-enforcement\EXEC-001.md","markdown","1547","reference","NO","NO","NO","REFERENCE","2026-06-05 19:56:45"
"THS-001.md","vos\proposals\prop-20260604-audit-schema-enforcement\THS-001.md","markdown","2392","reference","NO","NO","NO","REFERENCE","2026-06-05 19:56:45"
"index.json","vos\viz\index.json","json","472","reference","NO","NO","NO","REFERENCE","2026-06-05 19:56:45"
"VOS.md","vos\viz\VOS.md","markdown","4868","reference","NO","NO","NO","REFERENCE","2026-06-05 19:56:45"
"diagram.d2","vos\viz\concepts\context-collapse\diagram.d2","diagram","511","reference","NO","NO","NO","REFERENCE","2026-06-05 19:56:45"
"diagram.mmd","vos\viz\concepts\context-collapse\diagram.mmd","diagram","706","reference","NO","NO","NO","REFERENCE","2026-06-05 19:56:45"
"meta.json","vos\viz\concepts\context-collapse\meta.json","json","1766","reference","NO","NO","NO","REFERENCE","2026-06-05 19:56:45"
"diagram.d2","vos\viz\concepts\context-compiler\diagram.d2","diagram","522","reference","NO","NO","NO","REFERENCE","2026-06-05 19:56:45"
"diagram.mmd","vos\viz\concepts\context-compiler\diagram.mmd","diagram","799","reference","NO","NO","NO","REFERENCE","2026-06-05 19:56:45"
"meta.json","vos\viz\concepts\context-compiler\meta.json","json","1960","reference","NO","NO","NO","REFERENCE","2026-06-05 19:56:45"
"diagram.d2","vos\viz\concepts\distributed-cognition-system\diagram.d2","diagram","506","reference","NO","NO","NO","REFERENCE","2026-06-05 19:56:45"
"diagram.mmd","vos\viz\concepts\distributed-cognition-system\diagram.mmd","diagram","534","reference","NO","NO","NO","REFERENCE","2026-06-05 19:56:45"
"meta.json","vos\viz\concepts\distributed-cognition-system\meta.json","json","1860","reference","NO","NO","NO","REFERENCE","2026-06-05 19:56:45"
"diagram.d2","vos\viz\concepts\event-store\diagram.d2","diagram","303","diagram metadata","NO","YES","YES","REFERENCE","2026-06-05 19:56:45"
"diagram.mmd","vos\viz\concepts\event-store\diagram.mmd","diagram","531","diagram metadata","NO","YES","YES","REFERENCE","2026-06-05 19:56:45"
"meta.json","vos\viz\concepts\event-store\meta.json","json","1936","diagram metadata","NO","YES","YES","REFERENCE","2026-06-05 19:56:45"
"diagram.d2","vos\viz\concepts\execution-entropy\diagram.d2","diagram","532","reference","NO","NO","NO","REFERENCE","2026-06-05 19:56:45"
"diagram.mmd","vos\viz\concepts\execution-entropy\diagram.mmd","diagram","648","reference","NO","NO","NO","REFERENCE","2026-06-05 19:56:45"
"meta.json","vos\viz\concepts\execution-entropy\meta.json","json","1809","reference","NO","NO","NO","REFERENCE","2026-06-05 19:56:45"
"diagram.d2","vos\viz\concepts\memory-hierarchy\diagram.d2","diagram","540","reference","NO","NO","NO","REFERENCE","2026-06-05 19:56:45"
"diagram.mmd","vos\viz\concepts\memory-hierarchy\diagram.mmd","diagram","602","reference","NO","NO","NO","REFERENCE","2026-06-05 19:56:45"
"meta.json","vos\viz\concepts\memory-hierarchy\meta.json","json","1787","reference","NO","NO","NO","REFERENCE","2026-06-05 19:56:45"
"diagram.d2","vos\viz\concepts\persistent-cognition-graph\diagram.d2","diagram","490","lineage specification","NO","NO","YES","HIGH","2026-06-05 19:56:45"
"diagram.mmd","vos\viz\concepts\persistent-cognition-graph\diagram.mmd","diagram","661","lineage specification","NO","NO","YES","HIGH","2026-06-05 19:56:45"
"meta.json","vos\viz\concepts\persistent-cognition-graph\meta.json","json","1875","lineage specification","NO","NO","YES","HIGH","2026-06-05 19:56:45"
"diagram.d2","vos\viz\concepts\replay-engine\diagram.d2","diagram","662","replay specification","NO","YES","NO","HIGH","2026-06-05 19:56:45"
"diagram.mmd","vos\viz\concepts\replay-engine\diagram.mmd","diagram","945","replay specification","NO","YES","NO","HIGH","2026-06-05 19:56:45"
"meta.json","vos\viz\concepts\replay-engine\meta.json","json","2037","replay specification","NO","YES","NO","HIGH","2026-06-05 19:56:45"
"diagram.d2","vos\viz\concepts\stateful-problem-space\diagram.d2","diagram","801","reference","NO","NO","NO","REFERENCE","2026-06-05 19:56:45"
"diagram.mmd","vos\viz\concepts\stateful-problem-space\diagram.mmd","diagram","860","reference","NO","NO","NO","REFERENCE","2026-06-05 19:56:45"
"meta.json","vos\viz\concepts\stateful-problem-space\meta.json","json","1785","reference","NO","NO","NO","REFERENCE","2026-06-05 19:56:45"
"diagram.d2","vos\viz\concepts\stateless-intelligence-engine\diagram.d2","diagram","430","reference","NO","NO","NO","REFERENCE","2026-06-05 19:56:45"
"diagram.mmd","vos\viz\concepts\stateless-intelligence-engine\diagram.mmd","diagram","754","reference","NO","NO","NO","REFERENCE","2026-06-05 19:56:45"
"meta.json","vos\viz\concepts\stateless-intelligence-engine\meta.json","json","1827","reference","NO","NO","NO","REFERENCE","2026-06-05 19:56:45"
"deliverable-bundle.schema.json","vos\viz\schema\deliverable-bundle.schema.json","json","1396","reference","NO","NO","NO","REFERENCE","2026-06-05 19:56:45"
"d2-classes.d2","vos\viz\themes\d2-classes.d2","diagram","2096","reference","NO","NO","NO","REFERENCE","2026-06-05 19:56:45"
"mermaid-init.mmd","vos\viz\themes\mermaid-init.mmd","diagram","1350","reference","NO","NO","NO","REFERENCE","2026-06-05 19:56:45"
