SYSTEM,REPO,OWNER,AUTHORITY,RUNTIME USED,REPLAYABLE,REBUILDABLE,KEEP,MERGE,DELETE,NOTES
PING Gateway server.js,PING,PING,Gateway Authority,YES,NO,NO,KEEP,,,"Constitutional gateway with event recording and operational intelligence"
PING Gateway event_emitter.js,PING,PING,Event Authority,YES,NO,NO,KEEP,,,"Event emission for PING Gateway only"
PING database events.sql,PING,PING,Ledger Authority,YES,NO,NO,KEEP,,,"Append-only events table with triggers"
PING database operational_intelligence.sql,PING,PING,Operational Intelligence,YES,NO,YES,KEEP,,,"Dashboard queries, worker monitoring, model performance, failure tracking"
PING runtime replay/*.ts (30 files),PING,PING,Replay Authority,NO,NO,YES,,DELETE,"Constitutional theater - not used by any application"
PING runtime kernel commit-service,PING,PING,Commit Authority,NO,NO,YES,,DELETE,"Constitutional theater - not used by any application"
PING database ledger_schema.sql,PING,PING,Artifact Authority,NO,NO,YES,,DELETE,"Constitutional theater - not used by any application"
Brain src constitutional event_emitter.py,Brain,Brain,Event Authority,YES,NO,NO,,MERGE,"Duplicate of PING event_emitter.js - applications use this instead of PING"
Brain src constitutional __init__.py,Brain,Brain,Event Authority,YES,NO,NO,,MERGE,"Exports from event_emitter.py - duplicate of PING"
Brain constitutional canonical state schema.sql,Brain,Brain,Canonical State Authority,NO,NO,YES,,DELETE,"Constitutional theater - not used at runtime"
Brain constitutional canonical state schema_expanded.sql,Brain,Brain,Canonical State Authority,NO,NO,YES,,DELETE,"Constitutional theater - not used at runtime"
Brain infrastructure docker compose docker-compose.yml,Brain,Brain,Infrastructure,NO,NO,YES,,DELETE,"Brain services not used by any application"
Brain postgres container,Brain,Brain,Infrastructure,NO,NO,YES,,DELETE,"Brain PostgreSQL not used by any application"
Brain qdrant container,Brain,Brain,Infrastructure,NO,NO,YES,,DELETE,"Qdrant not used by any application"
Brain neo4j container,Brain,Brain,Infrastructure,NO,NO,YES,,DELETE,"Neo4j not used by any application"
Brain temporal container,Brain,Brain,Infrastructure,NO,NO,YES,,DELETE,"Temporal not used by any application"
Brain kafka container,Brain,Brain,Infrastructure,NO,NO,YES,,DELETE,"Kafka not used by any application"
Brain zookeeper container,Brain,Brain,Infrastructure,NO,NO,YES,,DELETE,"Zookeeper not used by any application"
Brain duckdb container,Brain,Brain,Infrastructure,NO,NO,YES,,DELETE,"DuckDB not used by any application"
Brain opensearch container,Brain,Brain,Infrastructure,NO,NO,YES,,DELETE,"OpenSearch not used by any application"
Brain tika container,Brain,Brain,Infrastructure,NO,NO,YES,,DELETE,"Tika not used by any application"
Brain ollama container,Brain,Brain,Infrastructure,NO,NO,YES,,DELETE,"Duplicate of crx-ollama-worker"
Brain openwebui container,Brain,Brain,Infrastructure,NO,NO,YES,,DELETE,"Duplicate of crx-ui-next"
crx-digestion-worker worker.py,crx-digestion-worker,Application,Application Logic,YES,NO,NO,KEEP,,,"RSS processing worker"
crx-digestion-worker database.py,crx-digestion-worker,Application,Application State,YES,NO,NO,KEEP,,,"SQLite database for articles and sources"
crx-digestion-worker summarizer.py,crx-digestion-worker,Application,Application Logic,YES,NO,NO,KEEP,,,"Article summarization using Ollama"
crx-digestion-worker tools.py,crx-digestion-worker,Application,Application Logic,YES,NO,NO,KEEP,,,"RSS fetching and markdown writing"
crx-digestion-worker archive.py,crx-digestion-worker,Application,Application Logic,YES,NO,NO,KEEP,,,"Article archiving to markdown"
crx-digestion-worker knowledge.db,crx-digestion-worker,Application,Application State,YES,NO,NO,KEEP,,,"Authoritative SQLite database - CATASTROPHIC if deleted"
crx-digestion-worker knowledge/,crx-digestion-worker,Application,Application Archives,YES,NO,NO,KEEP,,,"Authoritative markdown archives - CATASTROPHIC if deleted"
crx-digestion-worker docker-compose.yml,crx-digestion-worker,Application,Infrastructure,YES,NO,YES,KEEP,,,"Defines worker and open-webui containers"
crx-digestion-worker open-webui container,crx-digestion-worker,Application,Infrastructure,NO,NO,YES,,DELETE,"Duplicate of crx-ui-next"
crx-newsletter-brain worker.py,crx-newsletter-brain,Application,Application Logic,YES,NO,NO,KEEP,,,"Newsletter processing worker"
crx-newsletter-brain database.py,crx-newsletter-brain,Application,Application State,YES,NO,NO,KEEP,,,"SQLite database for newsletters and digests"
crx-newsletter-brain summarizer.py,crx-newsletter-brain,Application,Application Logic,YES,NO,NO,KEEP,,,"Newsletter summarization using Ollama"
crx-newsletter-brain yahoo_client.py,crx-newsletter-brain,Application,Application Logic,YES,NO,NO,KEEP,,,"Yahoo Mail client for newsletter ingestion"
crx-newsletter-brain archive.py,crx-newsletter-brain,Application,Application Logic,YES,NO,NO,KEEP,,,"Newsletter archiving to markdown"
crx-newsletter-brain newsletters.db,crx-newsletter-brain,Application,Application State,YES,NO,NO,KEEP,,,"Authoritative SQLite database - CATASTROPHIC if deleted"
crx-newsletter-brain knowledge/,crx-newsletter-brain,Application,Application Archives,YES,NO,NO,KEEP,,,"Authoritative markdown archives - CATASTROPHIC if deleted"
crx-newsletter-brain digests/,crx-newsletter-brain,Application,Application Archives,YES,NO,YES,KEEP,,,"Digest markdown files - can be regenerated from SQLite"
crx-newsletter-brain docker-compose.yml,crx-newsletter-brain,Application,Infrastructure,YES,NO,YES,KEEP,,,"Defines worker and dashboard containers"
crx-newsletter-brain dashboard.py,crx-newsletter-brain,Application,Application Logic,YES,NO,NO,KEEP,,,"Dashboard for newsletter worker"
crx-ui-next,PING,PING,Application,UI,YES,NO,NO,KEEP,,,"Canonical UI for CRX system"
crx-ollama-worker,PING,PING,Infrastructure,Inference Service,YES,NO,YES,KEEP,,,"Ollama inference service - REQUIRED for summarization"
PostgreSQL events table,PING,PING,Ledger Authority,YES,NO,NO,KEEP,,,"Constitutional event log - used by PING Gateway and Brain event_emitter.py"
PostgreSQL knowledge_metrics table,PING,PING,Operational Intelligence,YES,YES,YES,KEEP,,,"Materialized view derived from events - can be rebuilt"
PostgreSQL raw_payloads table,PING,PING,Operational Intelligence,NO,YES,YES,,DELETE,"Cache of raw inputs - can be refetched from sources"
PostgreSQL dead_letters table,PING,PING,Operational Intelligence,NO,NO,NO,,DELETE,"Cache of permanent failures - can be deleted without affecting runtime"
